City_ID,City,Lat,Lng,Max Temp,Humidity,Cloudiness,Wind Speed,Country,WeatherDesc,Date
0,Kavieng,-2.5744,150.7967,85.12,68,98,9.04,PG,overcast clouds,2022-03-13 00:58:05
1,Daoukro,7.0591,-3.9631,74.25,90,100,2.95,CI,overcast clouds,2022-03-13 00:58:05
2,Ponta Do Sol,32.6667,-17.1,66.06,81,99,8.97,PT,overcast clouds,2022-03-13 00:58:05
3,Upernavik,72.7868,-56.1549,-16.8,99,95,9.71,GL,overcast clouds,2022-03-13 00:58:06
4,Faanui,-16.4833,-151.75,81.7,70,100,10.92,PF,overcast clouds,2022-03-13 00:49:48
5,Cidreira,-30.1811,-50.2056,70.57,67,100,8.86,BR,overcast clouds,2022-03-13 00:58:06
6,Puerto Ayora,-0.7393,-90.3518,76.55,99,10,0.85,EC,clear sky,2022-03-13 00:58:07
7,Cape Town,-33.9258,18.4232,65.12,84,0,4.61,ZA,clear sky,2022-03-13 00:54:55
8,Pangnirtung,66.1451,-65.7125,-27.98,91,9,6.13,CA,clear sky,2022-03-13 00:58:07
9,Hilo,19.7297,-155.09,78.24,79,0,7.0,US,clear sky,2022-03-13 00:57:55
10,Jamestown,42.097,-79.2353,16.72,63,75,20.71,US,broken clouds,2022-03-13 00:55:28
11,Toguchin,55.2353,84.3858,-16.46,100,97,5.1,RU,overcast clouds,2022-03-13 00:58:08
12,Busselton,-33.65,115.3333,72.48,68,42,6.73,AU,scattered clouds,2022-03-13 00:58:08
13,Slave Lake,55.2834,-114.769,26.58,74,75,4.61,CA,broken clouds,2022-03-13 00:58:08
14,Oktyabrskiy,54.4815,53.471,-11.11,100,99,0.96,RU,overcast clouds,2022-03-13 00:58:09
15,Ilulissat,69.2167,-51.1,6.82,66,75,10.36,GL,broken clouds,2022-03-13 00:49:42
16,Tasiilaq,65.6145,-37.6368,26.94,96,100,11.12,GL,snow,2022-03-13 00:58:09
17,New Norfolk,-42.7826,147.0587,71.89,38,8,3.0,AU,clear sky,2022-03-13 00:49:41
18,Punta Arenas,-53.15,-70.9167,50.11,57,75,13.8,CL,broken clouds,2022-03-13 00:49:46
19,Torbay,47.6666,-52.7314,41.29,95,100,33.38,CA,light rain,2022-03-13 00:45:24
20,Rikitea,-23.1203,-134.9692,79.9,71,32,13.8,PF,scattered clouds,2022-03-13 00:58:10
21,Namatanai,-3.6667,152.4333,85.51,66,100,5.73,PG,overcast clouds,2022-03-13 00:58:10
22,Kudahuvadhoo,2.6708,72.8944,82.09,71,10,8.12,MV,clear sky,2022-03-13 00:58:10
23,Dzaoudzi,-12.7887,45.2699,80.49,83,0,8.05,YT,clear sky,2022-03-13 00:58:11
24,Komsomolskiy,40.4272,71.7189,50.72,93,100,2.3,UZ,mist,2022-03-13 00:58:11
25,Shakiso,5.75,38.9167,57.29,57,83,3.36,ET,broken clouds,2022-03-13 00:58:11
26,Kropotkin,45.4375,40.5756,28.22,70,22,4.52,RU,few clouds,2022-03-13 00:58:12
27,Kapaa,22.0752,-159.319,80.58,66,20,11.5,US,few clouds,2022-03-13 00:49:48
28,Longyearbyen,78.2186,15.6401,21.04,86,75,4.61,SJ,broken clouds,2022-03-13 00:58:12
29,Hermanus,-34.4187,19.2345,65.12,81,0,10.09,ZA,clear sky,2022-03-13 00:58:13
30,Ithaca,42.4406,-76.4966,20.66,81,75,25.32,US,broken clouds,2022-03-13 00:54:46
31,Itarema,-2.9248,-39.9167,76.46,84,92,4.03,BR,overcast clouds,2022-03-13 00:58:13
32,Nhulunbuy,-12.2333,136.7667,88.41,66,100,13.8,AU,overcast clouds,2022-03-13 00:58:13
33,Ushuaia,-54.8,-68.3,49.66,57,40,12.66,AR,scattered clouds,2022-03-13 00:49:43
34,Avarua,-21.2078,-159.775,84.25,74,20,9.22,CK,few clouds,2022-03-13 00:49:41
35,Marsala,37.7966,12.4352,50.9,82,100,33.4,IT,overcast clouds,2022-03-13 00:58:14
36,Fortuna,40.5982,-124.1573,54.66,75,100,23.02,US,overcast clouds,2022-03-13 00:58:14
37,Hoa Binh,20.8133,105.3383,71.58,91,100,3.09,VN,overcast clouds,2022-03-13 00:57:23
38,Leshukonskoye,64.8989,45.7622,20.62,95,99,7.45,RU,overcast clouds,2022-03-13 00:58:14
39,Kahului,20.8947,-156.47,82.98,74,16,8.99,US,few clouds,2022-03-13 00:58:15
40,Broken Hill,-31.95,141.4333,78.51,50,41,10.36,AU,scattered clouds,2022-03-13 00:58:15
41,Atuona,-9.8,-139.0333,78.91,77,100,14.47,PF,overcast clouds,2022-03-13 00:58:15
42,Imbituba,-28.24,-48.6703,68.83,93,100,3.94,BR,overcast clouds,2022-03-13 00:58:16
43,Vila Velha,-20.3297,-40.2925,80.55,87,75,6.91,BR,broken clouds,2022-03-13 00:58:16
44,Cabo San Lucas,22.8909,-109.9124,73.62,54,4,10.49,MX,clear sky,2022-03-13 00:58:16
45,Mamlyutka,54.9375,68.5394,3.24,93,100,8.39,KZ,overcast clouds,2022-03-13 00:58:16
46,Butaritari,3.0707,172.7902,81.52,78,8,20.54,KI,clear sky,2022-03-13 00:49:44
47,Chokurdakh,70.6333,147.9167,-11.6,94,100,3.53,RU,overcast clouds,2022-03-13 00:58:17
48,Port Lincoln,-34.7333,135.8667,79.54,34,100,9.19,AU,overcast clouds,2022-03-13 00:58:17
49,Havre-Saint-Pierre,50.2334,-63.5986,23.36,93,100,26.46,CA,overcast clouds,2022-03-13 00:59:18
50,Sainte-Ode,50.0262,5.5254,43.77,81,100,11.86,BE,overcast clouds,2022-03-13 00:59:18
51,Kodiak,57.79,-152.4072,40.51,81,100,6.91,US,light rain,2022-03-13 00:59:18
52,Kysyl-Syr,63.8986,122.7617,-5.93,99,99,3.69,RU,overcast clouds,2022-03-13 00:59:19
53,Chuy,-33.6971,-53.4616,59.18,77,0,6.53,UY,clear sky,2022-03-13 00:59:19
54,Georgetown,5.4112,100.3354,82.33,92,20,3.44,MY,few clouds,2022-03-13 00:59:20
55,Ahipara,-35.1667,173.1667,71.71,82,56,3.51,NZ,broken clouds,2022-03-13 00:59:20
56,Flin Flon,54.7682,-101.865,12.04,67,100,5.75,CA,overcast clouds,2022-03-13 00:59:20
57,Mataura,-46.1927,168.8643,64.47,41,0,2.46,NZ,clear sky,2022-03-13 00:49:45
58,Saint George,37.1041,-113.5841,66.25,17,0,0.0,US,clear sky,2022-03-13 00:55:06
59,Albany,42.6001,-73.9662,21.76,69,100,5.01,US,overcast clouds,2022-03-13 00:45:05
60,Barrow,71.2906,-156.7887,-11.83,96,22,7.4,US,few clouds,2022-03-13 00:59:21
61,Okhotsk,59.3833,143.3,20.52,91,100,5.44,RU,light snow,2022-03-13 00:59:21
62,Humberto De Campos,-2.5983,-43.4611,73.98,92,96,2.37,BR,overcast clouds,2022-03-13 00:59:21
63,Avera,33.194,-82.5271,35.65,42,0,14.88,US,clear sky,2022-03-13 00:59:22
64,Shunyi,40.125,116.6453,44.55,81,95,2.24,CN,overcast clouds,2022-03-13 00:59:22
65,Nome,64.5011,-165.4064,18.37,62,0,9.17,US,clear sky,2022-03-13 00:54:40
66,Tuktoyaktuk,69.4541,-133.0374,-14.8,76,40,14.97,CA,scattered clouds,2022-03-13 00:49:47
67,Gazanjyk,39.2446,55.5154,44.71,57,100,9.48,TM,overcast clouds,2022-03-13 00:47:25
68,Nioro,13.35,-15.75,78.91,26,9,3.91,GM,clear sky,2022-03-13 00:59:23
69,Nikolskoye,59.7035,30.7861,31.8,98,100,3.6,RU,overcast clouds,2022-03-13 00:59:23
70,Jimenez,28.3333,-105.4,57.88,22,5,2.42,MX,clear sky,2022-03-13 00:59:24
71,Clyde River,70.4692,-68.5914,-21.77,76,0,3.44,CA,clear sky,2022-03-13 00:49:46
72,Hobart,-42.8794,147.3294,72.27,51,20,6.91,AU,few clouds,2022-03-13 00:59:24
73,Norsup,-16.0667,167.3833,83.77,73,85,6.91,VU,overcast clouds,2022-03-13 00:59:25
74,Saldanha,-33.0117,17.9442,60.85,89,92,6.71,ZA,overcast clouds,2022-03-13 00:59:25
75,Klaksvik,62.2266,-6.589,41.92,86,98,18.05,FO,overcast clouds,2022-03-13 00:59:25
76,Airai,-8.9266,125.4092,72.12,67,62,2.66,TL,light rain,2022-03-13 00:59:26
77,Cherskiy,68.75,161.3,-4.99,95,100,2.35,RU,overcast clouds,2022-03-13 00:59:26
78,Raudeberg,61.9875,5.1352,47.07,61,53,15.19,NO,broken clouds,2022-03-13 00:59:26
79,Namibe,-15.1961,12.1522,72.21,83,100,8.23,AO,overcast clouds,2022-03-13 00:59:27
80,Qaanaaq,77.484,-69.3632,-15.09,70,8,5.37,GL,clear sky,2022-03-13 00:59:27
81,Yulara,-25.2406,130.9889,84.04,14,95,11.5,AU,overcast clouds,2022-03-13 00:59:27
82,Malindi,-3.2175,40.1191,75.83,85,100,2.04,KE,overcast clouds,2022-03-13 00:59:28
83,Vila Franca Do Campo,37.7167,-25.4333,56.19,75,92,8.37,PT,overcast clouds,2022-03-13 00:59:28
84,Junnar,19.2,73.8833,70.92,27,0,4.52,IN,clear sky,2022-03-13 00:59:28
85,Yarada,17.65,83.2667,70.12,83,20,2.3,IN,mist,2022-03-13 00:57:42
86,Iqaluit,63.7506,-68.5145,-22.27,76,20,0.0,CA,few clouds,2022-03-13 00:59:29
87,Trincomalee,8.5711,81.2335,80.98,71,100,10.71,LK,overcast clouds,2022-03-13 00:59:29
88,Cockburn Town,21.4612,-71.1419,76.96,73,40,11.5,TC,scattered clouds,2022-03-13 00:58:40
89,Muhos,64.808,25.9931,24.58,96,100,3.49,FI,overcast clouds,2022-03-13 00:59:29
90,Qaqortoq,60.7167,-46.0333,8.62,61,100,28.21,GL,overcast clouds,2022-03-13 00:59:30
91,Thompson,55.7435,-97.8558,12.36,52,75,4.61,CA,broken clouds,2022-03-13 00:58:57
92,Charters Towers,-20.1,146.2667,83.93,56,78,16.82,AU,broken clouds,2022-03-13 00:59:30
93,Acarau,-2.8856,-40.12,77.38,81,64,4.36,BR,broken clouds,2022-03-13 00:59:31
94,Port Blair,11.6667,92.75,77.04,94,40,0.0,IN,mist,2022-03-13 00:59:31
95,Bathsheba,13.2167,-59.5167,77.61,73,20,23.02,BB,few clouds,2022-03-13 00:59:31
96,Vaini,-21.2,-175.2,82.4,76,17,10.58,TO,few clouds,2022-03-13 01:00:32
97,Esperance,-33.8667,121.9,73.45,59,73,6.33,AU,broken clouds,2022-03-13 01:00:34
98,Aklavik,68.2191,-135.0107,-5.35,85,75,10.09,CA,broken clouds,2022-03-13 01:00:35
99,Khatanga,71.9667,102.5,-24.84,100,100,7.43,RU,overcast clouds,2022-03-13 01:00:35
100,Saint-Ambroise,48.5501,-71.3324,18.57,83,100,11.97,CA,overcast clouds,2022-03-13 01:00:36
101,Deputatskiy,69.3,139.9,-11.83,99,100,3.18,RU,overcast clouds,2022-03-13 01:00:36
102,Norman Wells,65.282,-126.8329,-3.96,89,100,15.43,CA,overcast clouds,2022-03-13 01:00:37
103,Erenhot,43.6475,111.9767,32.0,43,100,20.07,CN,overcast clouds,2022-03-13 01:00:37
104,Kaitangata,-46.2817,169.8464,63.73,56,0,7.58,NZ,clear sky,2022-03-13 01:00:38
105,Sur,22.5667,59.5289,77.74,44,6,5.35,OM,clear sky,2022-03-13 01:00:38
106,Cordoba,-31.4135,-64.1811,66.42,88,0,3.44,AR,clear sky,2022-03-13 00:59:04
107,Amapa,1.0,-52.0,72.5,99,100,2.06,BR,overcast clouds,2022-03-13 01:00:39
108,Saint-Philippe,-21.3585,55.7679,76.59,88,56,13.62,RE,moderate rain,2022-03-13 01:00:39
109,Saskylakh,71.9167,114.0833,-20.06,98,93,2.84,RU,overcast clouds,2022-03-13 01:00:40
110,Port Alfred,-33.5906,26.891,79.18,67,68,6.38,ZA,broken clouds,2022-03-13 01:00:40
111,Chicama,-7.8447,-79.1469,75.76,68,51,5.32,PE,broken clouds,2022-03-13 01:00:41
112,Mount Gambier,-37.8333,140.7667,79.74,22,3,1.41,AU,clear sky,2022-03-13 01:00:41
113,Nahrin,36.0649,69.1334,62.42,34,90,9.17,AF,overcast clouds,2022-03-13 01:00:41
114,Vitim,59.4511,112.5578,3.09,94,100,0.85,RU,overcast clouds,2022-03-13 01:00:42
115,Port Keats,-14.25,129.55,87.15,65,69,2.55,AU,broken clouds,2022-03-13 01:00:42
116,San Joaquin,37.9333,-121.3011,71.67,23,0,6.91,US,clear sky,2022-03-13 01:00:43
117,Hithadhoo,-0.6,73.0833,82.89,70,25,8.32,MV,scattered clouds,2022-03-13 01:00:43
118,Dikson,73.5069,80.5464,-10.43,94,100,19.28,RU,overcast clouds,2022-03-13 01:00:43
119,Walvis Bay,-22.9575,14.5053,65.08,91,84,6.73,NA,broken clouds,2022-03-13 01:00:44
120,Carnarvon,-24.8667,113.6333,77.77,62,0,13.73,AU,clear sky,2022-03-13 01:00:45
121,Sitka,57.0531,-135.33,39.45,91,100,1.5,US,overcast clouds,2022-03-13 00:59:23
122,Sabang,5.8933,95.3214,82.11,75,26,6.58,ID,scattered clouds,2022-03-13 01:00:45
123,East London,-33.0153,27.9116,77.86,72,8,11.1,ZA,clear sky,2022-03-13 01:00:35
124,Metro,-5.1131,105.3067,76.62,90,100,3.85,ID,overcast clouds,2022-03-13 01:00:46
125,Hamilton,39.1834,-84.5333,24.1,52,4,5.01,US,clear sky,2022-03-13 00:57:41
126,Huaibei,33.9744,116.7917,62.01,77,7,2.73,CN,clear sky,2022-03-13 01:00:46
127,Graaff-Reinet,-32.2522,24.5308,78.93,57,96,5.66,ZA,light rain,2022-03-13 01:00:46
128,Robore,-18.3333,-59.75,69.6,95,100,1.34,BO,overcast clouds,2022-03-13 01:00:47
129,San Carlos De Bariloche,-41.1456,-71.3082,58.64,61,89,3.09,AR,overcast clouds,2022-03-13 01:00:34
130,Portland,45.5234,-122.6762,51.08,88,100,8.99,US,moderate rain,2022-03-13 01:00:09
131,Wollongong,-34.4333,150.8833,72.09,92,81,2.71,AU,broken clouds,2022-03-13 01:00:26
132,Bluff,-46.6,168.3333,65.8,67,0,2.44,NZ,clear sky,2022-03-13 01:00:47
133,Adrar,20.5022,-10.0711,67.84,12,0,9.95,MR,clear sky,2022-03-13 01:00:47
134,Hofn,64.2539,-15.2082,37.81,68,100,2.37,IS,overcast clouds,2022-03-13 01:00:48
135,Samarai,-10.6167,150.6667,85.59,70,100,13.78,PG,moderate rain,2022-03-13 01:00:48
136,Vero Beach,27.6386,-80.3973,63.03,67,75,6.91,US,broken clouds,2022-03-13 01:00:46
137,Korla,41.7597,86.1469,48.63,42,91,7.85,CN,overcast clouds,2022-03-13 01:00:31
138,Bargi,22.9833,79.8667,67.51,26,0,1.48,IN,clear sky,2022-03-13 01:00:49
139,Toucheng,24.8592,121.8233,78.1,68,3,5.61,TW,clear sky,2022-03-13 01:00:49
140,Fare,-16.7,-151.0167,81.61,72,69,11.18,PF,broken clouds,2022-03-13 01:00:50
141,Mahebourg,-20.4081,57.7,79.25,85,66,10.85,MU,broken clouds,2022-03-13 01:00:50
142,Katsuura,35.1333,140.3,60.53,63,100,7.61,JP,overcast clouds,2022-03-13 01:00:50
143,Lebu,-37.6167,-73.65,58.01,92,19,16.26,CL,few clouds,2022-03-13 01:01:51
144,Shingu,33.7333,135.9833,65.43,60,100,7.94,JP,overcast clouds,2022-03-13 01:01:51
145,Yellowknife,62.456,-114.3525,2.41,78,75,9.22,CA,light snow,2022-03-13 00:57:17
146,North Bend,43.4065,-124.2243,52.25,96,100,1.99,US,overcast clouds,2022-03-13 01:01:51
147,Tura,25.5198,90.2201,70.38,28,17,2.84,IN,few clouds,2022-03-13 00:57:10
148,Aswan,24.0934,32.907,52.75,39,0,14.29,EG,clear sky,2022-03-13 01:01:52
149,Severo-Kurilsk,50.6789,156.125,32.77,83,96,6.33,RU,overcast clouds,2022-03-13 01:01:52
150,Luderitz,-26.6481,15.1594,63.7,93,4,11.34,NA,clear sky,2022-03-13 01:01:52
151,Mar Del Plata,-38.0023,-57.5575,65.08,82,0,4.61,AR,clear sky,2022-03-13 00:59:11
152,Hasaki,35.7333,140.8333,57.29,74,100,7.38,JP,light rain,2022-03-13 01:01:53
153,Saint Pete Beach,27.7253,-82.7412,58.15,62,0,11.99,US,clear sky,2022-03-13 01:00:39
154,Sept-Iles,50.2001,-66.3821,17.06,91,100,11.99,CA,overcast clouds,2022-03-13 01:00:30
155,Grand Gaube,-20.0064,57.6608,79.38,85,31,5.01,MU,scattered clouds,2022-03-13 01:01:53
156,Chegdomyn,51.1167,133.0167,19.72,88,100,1.66,RU,overcast clouds,2022-03-13 01:01:53
157,Mangrol,21.1167,70.1167,77.45,41,1,5.1,IN,clear sky,2022-03-13 01:01:54
158,Nianzishan,47.5167,122.8833,24.53,83,91,8.9,CN,overcast clouds,2022-03-13 01:01:54
159,Poum,-20.2333,164.0167,81.99,75,39,6.93,NC,scattered clouds,2022-03-13 01:01:54
160,Port Elizabeth,-33.918,25.5701,73.71,77,94,19.44,ZA,overcast clouds,2022-03-13 00:59:23
161,Vao,-22.6667,167.4833,79.56,70,100,11.34,NC,overcast clouds,2022-03-13 01:01:55
162,Atocha,-20.9333,-66.2333,52.81,36,0,6.17,BO,clear sky,2022-03-13 01:01:55
163,Newport,51.5877,-2.9984,47.77,87,100,4.0,GB,overcast clouds,2022-03-13 01:01:55
164,Lorengau,-2.0226,147.2712,84.6,70,100,6.4,PG,overcast clouds,2022-03-13 01:01:56
165,Bredasdorp,-34.5322,20.0403,65.89,73,2,8.43,ZA,clear sky,2022-03-13 01:01:56
166,Belaya Gora,68.5333,146.4167,-0.98,83,100,1.86,RU,overcast clouds,2022-03-13 01:01:56
167,Muros,42.7762,-9.0603,48.09,87,44,9.35,ES,scattered clouds,2022-03-13 01:01:57
168,Cap-Aux-Meules,47.3821,-61.8597,42.51,99,100,40.04,CA,overcast clouds,2022-03-13 01:01:57
169,Tiksi,71.6872,128.8694,-16.85,99,45,4.25,RU,scattered clouds,2022-03-13 01:01:58
170,Alofi,-19.0595,-169.9187,77.9,78,100,5.48,NU,overcast clouds,2022-03-13 01:01:58
171,Codrington,-38.2667,141.9667,76.37,37,5,1.83,AU,clear sky,2022-03-13 01:01:58
172,Victoria,22.2855,114.1577,76.24,80,0,11.01,HK,clear sky,2022-03-13 00:59:47
173,Pittsburg,38.028,-121.8847,65.01,37,81,4.0,US,broken clouds,2022-03-13 01:01:53
174,Taguatinga,-12.3857,-46.5711,73.78,89,70,0.89,BR,broken clouds,2022-03-13 01:01:59
175,Araure,9.5601,-69.2148,78.98,68,87,7.0,VE,overcast clouds,2022-03-13 01:01:59
176,Luanda,-8.8368,13.2343,80.6,78,20,5.75,AO,few clouds,2022-03-13 00:57:38
177,Praia,14.9215,-23.5087,70.57,73,0,15.35,CV,clear sky,2022-03-13 00:57:53
178,Jiayuguan,39.8167,98.3,43.25,34,37,2.28,CN,scattered clouds,2022-03-13 01:02:00
179,Bethel,41.3712,-73.414,24.66,79,100,11.5,US,overcast clouds,2022-03-13 00:58:03
180,Preobrazheniye,42.9019,133.9064,36.19,74,93,5.14,RU,overcast clouds,2022-03-13 01:02:00
181,Bengkulu,-3.8004,102.2655,77.49,87,100,3.71,ID,overcast clouds,2022-03-13 01:02:01
182,Sisimiut,66.9395,-53.6735,-3.95,98,100,6.58,GL,light snow,2022-03-13 01:02:01
183,Matara,5.9485,80.5353,75.6,89,99,3.6,LK,overcast clouds,2022-03-13 01:02:01
184,Dunedin,-45.8742,170.5036,63.19,67,0,8.86,NZ,clear sky,2022-03-13 01:02:02
185,Homer,59.6425,-151.5483,42.76,61,100,10.0,US,overcast clouds,2022-03-13 01:02:02
186,Haines Junction,60.7522,-137.5108,25.05,94,100,1.99,CA,light snow,2022-03-13 01:02:03
187,Denpasar,-8.65,115.2167,83.86,88,75,4.61,ID,broken clouds,2022-03-13 01:03:03
188,Thinadhoo,0.5333,72.9333,82.85,70,9,10.27,MV,clear sky,2022-03-13 01:03:04
189,Los Llanos De Aridane,28.6585,-17.9182,58.75,83,20,3.0,ES,few clouds,2022-03-13 01:03:04
190,Gazli,40.1333,63.45,53.98,72,100,10.76,UZ,overcast clouds,2022-03-13 01:03:04
191,Surt,31.2089,16.5887,55.69,64,100,13.62,LY,overcast clouds,2022-03-13 01:03:05
192,Castro,-24.7911,-50.0119,61.25,98,100,7.45,BR,overcast clouds,2022-03-13 01:03:05
193,Waingapu,-9.6567,120.2641,84.02,72,98,3.49,ID,moderate rain,2022-03-13 01:03:05
194,Ewa Beach,21.3156,-158.0072,81.99,48,5,20.0,US,clear sky,2022-03-13 01:03:06
195,Emerald,-23.5333,148.1667,81.34,49,6,17.05,AU,clear sky,2022-03-13 01:03:06
196,Colares,38.7992,-9.4469,55.76,77,33,20.0,PT,scattered clouds,2022-03-13 01:03:06
197,Mitsamiouli,-11.3847,43.2844,80.17,73,100,3.06,KM,overcast clouds,2022-03-13 01:03:07
198,Leningradskiy,69.3833,178.4167,3.79,88,8,6.87,RU,clear sky,2022-03-13 01:03:07
199,Wanaka,-44.7,169.15,68.11,55,19,1.99,NZ,few clouds,2022-03-13 01:02:12
200,Nago,26.5881,127.9761,73.83,71,11,10.87,JP,few clouds,2022-03-13 01:03:07
201,Guayaramerin,-10.8368,-65.3614,72.0,96,100,2.91,BO,overcast clouds,2022-03-13 01:03:08
202,Pevek,69.7008,170.3133,-6.59,97,97,2.55,RU,overcast clouds,2022-03-13 01:03:08
203,Ileza,61.0533,43.9002,26.46,98,100,3.69,RU,light snow,2022-03-13 01:03:08
204,Yermakovskoye,53.2831,92.4003,-2.42,98,98,1.86,RU,overcast clouds,2022-03-13 01:03:09
205,Ayagoz,47.9714,80.4392,30.65,98,100,4.7,KZ,snow,2022-03-13 01:03:09
206,Hovd,48.0056,91.6419,19.69,58,0,5.39,MN,clear sky,2022-03-13 01:03:09
207,Laurinburg,34.7741,-79.4628,35.82,38,0,14.97,US,clear sky,2022-03-13 01:03:10
208,Bambous Virieux,-20.3428,57.7575,79.21,85,70,10.47,MU,broken clouds,2022-03-13 01:03:10
209,Lata,40.1629,-8.3327,49.91,96,71,4.65,PT,broken clouds,2022-03-13 01:03:10
210,Necochea,-38.5473,-58.7368,60.55,60,6,11.88,AR,clear sky,2022-03-13 01:00:11
211,Belmonte,-15.8631,-38.8828,77.83,83,6,6.17,BR,clear sky,2022-03-13 01:03:11
212,Dargaville,-35.9333,173.8833,78.06,46,98,6.13,NZ,overcast clouds,2022-03-13 01:03:11
213,Punta Gorda,26.9298,-82.0454,60.84,63,7,17.0,US,clear sky,2022-03-13 01:03:12
214,Nandigama,16.7833,80.3,73.58,60,95,3.11,IN,overcast clouds,2022-03-13 01:03:12
215,Wewak,-3.5534,143.6268,84.85,70,100,5.28,PG,overcast clouds,2022-03-13 01:03:12
216,Kununurra,-15.7667,128.7333,87.78,74,21,3.44,AU,few clouds,2022-03-13 01:00:27
217,Zaraza,9.3503,-65.3245,78.28,69,84,8.25,VE,broken clouds,2022-03-13 01:03:13
218,Veraval,20.9,70.3667,78.15,40,0,6.44,IN,clear sky,2022-03-13 01:03:13
219,Ouesso,1.6136,16.0517,67.89,94,100,2.77,CG,overcast clouds,2022-03-13 01:03:14
220,Olafsvik,64.8945,-23.7142,37.02,63,100,18.77,IS,overcast clouds,2022-03-13 01:03:14
221,Haverfordwest,51.8017,-4.9691,48.06,84,100,11.01,GB,overcast clouds,2022-03-13 01:03:14
222,Dingle,10.9995,122.6711,83.25,75,90,5.75,PH,overcast clouds,2022-03-13 01:03:15
223,Tahe,52.3333,124.7333,18.81,73,93,1.88,CN,overcast clouds,2022-03-13 01:03:15
224,Coquimbo,-29.9533,-71.3436,62.85,83,0,6.26,CL,clear sky,2022-03-13 01:00:22
225,Ribeira Grande,38.5167,-28.7,57.72,63,6,15.41,PT,clear sky,2022-03-13 01:03:16
226,Paka,4.6374,103.4368,80.11,74,100,5.37,MY,overcast clouds,2022-03-13 01:03:16
227,Kyshtovka,56.555,76.6271,-14.66,100,72,5.79,RU,broken clouds,2022-03-13 01:03:16
228,Constantine,36.365,6.6147,44.01,93,75,2.3,DZ,broken clouds,2022-03-13 01:00:27
229,Hornepayne,49.2138,-84.7705,-0.02,96,100,5.32,CA,overcast clouds,2022-03-13 01:04:17
230,Broome,42.2506,-75.833,19.15,77,100,19.57,US,overcast clouds,2022-03-13 01:04:17
231,Petropavlovsk-Kamchatskiy,53.0452,158.6483,30.79,59,40,6.71,RU,scattered clouds,2022-03-13 01:03:22
232,Manhattan,40.7834,-73.9662,27.66,54,75,28.01,US,broken clouds,2022-03-13 01:01:06
233,Dezful,32.3811,48.4058,61.05,32,100,3.31,IR,overcast clouds,2022-03-13 01:04:17
234,Hervey Bay,-25.2986,152.8535,78.03,73,41,11.01,AU,scattered clouds,2022-03-13 01:04:18
235,Kruisfontein,-34.0033,24.7314,70.27,81,100,14.07,ZA,overcast clouds,2022-03-13 01:04:18
236,Inta,66.0317,60.1659,7.34,98,83,5.53,RU,broken clouds,2022-03-13 01:04:18
237,Marawi,7.9986,124.2928,78.13,74,31,1.19,PH,scattered clouds,2022-03-13 01:04:19
238,Arman,59.7,150.1667,21.02,66,100,8.1,RU,overcast clouds,2022-03-13 01:04:19
239,Port-Gentil,-0.7193,8.7815,80.38,79,100,12.86,GA,light rain,2022-03-13 01:04:19
240,Carutapera,-1.195,-46.02,75.24,91,100,4.63,BR,overcast clouds,2022-03-13 01:04:20
241,Maxixe,-23.8597,35.3472,72.9,84,26,5.26,MZ,scattered clouds,2022-03-13 01:04:20
242,Banikoara,11.2985,2.4386,85.08,18,69,4.68,BJ,broken clouds,2022-03-13 01:04:20
243,Santa,17.486,120.4348,83.01,90,47,1.41,PH,scattered clouds,2022-03-13 01:04:21
244,Waipawa,-41.4122,175.5153,60.06,59,14,13.44,NZ,few clouds,2022-03-13 01:04:21
245,Dudinka,69.4058,86.1778,-26.48,100,48,7.09,RU,scattered clouds,2022-03-13 01:04:21
246,Lodja,-3.4833,23.4333,67.01,99,100,0.34,CD,light rain,2022-03-13 01:04:22
247,Lompoc,34.6391,-120.4579,72.79,69,0,20.0,US,clear sky,2022-03-13 01:04:22
248,Copiapo,-27.3667,-70.3333,68.86,61,0,2.08,CL,clear sky,2022-03-13 01:00:33
249,La Ronge,55.1001,-105.2842,17.82,73,100,10.36,CA,overcast clouds,2022-03-13 01:04:23
250,Galesong,-5.3166,119.3661,82.42,74,78,3.76,ID,broken clouds,2022-03-13 01:04:23
251,Pisco,-13.7,-76.2167,68.02,91,99,3.29,PE,overcast clouds,2022-03-13 01:04:23
252,Grindavik,63.8424,-22.4338,32.47,93,75,11.5,IS,broken clouds,2022-03-13 01:04:24
253,Lander,42.833,-108.7307,45.41,39,0,29.93,US,clear sky,2022-03-13 01:04:24
254,Ridgecrest,35.6225,-117.6709,71.69,8,0,12.66,US,clear sky,2022-03-13 01:04:24
255,Krasnogorodsk,56.8357,28.2822,23.58,98,16,2.77,RU,few clouds,2022-03-13 01:04:25
256,Pimentel,-6.8367,-79.9342,73.6,78,100,10.78,PE,overcast clouds,2022-03-13 01:04:25
257,Seoul,37.5683,126.9778,54.79,100,100,2.3,KR,fog,2022-03-13 01:00:25
258,Filingue,14.3521,3.3168,80.92,19,100,10.25,NE,overcast clouds,2022-03-13 01:04:25
259,Conakry,9.538,-13.6773,77.02,76,27,4.94,GN,scattered clouds,2022-03-13 01:02:59
260,Wukari,7.85,9.7833,78.49,37,71,5.88,NG,broken clouds,2022-03-13 01:04:26
261,Puerto Leguizamo,-0.1934,-74.7819,74.59,95,100,2.51,CO,overcast clouds,2022-03-13 01:04:26
262,Brae,60.3964,-1.353,44.85,87,95,22.53,GB,overcast clouds,2022-03-13 01:04:27
263,Cayenne,4.9333,-52.3333,76.08,1,75,11.5,GF,heavy intensity rain,2022-03-13 01:00:07
264,Sundsvall,62.3913,17.3063,31.96,88,20,2.3,SE,few clouds,2022-03-13 01:04:27
265,Moissala,8.3404,17.7663,80.1,29,24,1.97,TD,few clouds,2022-03-13 01:04:27
266,Sokoto,13.0609,5.239,79.21,18,93,10.65,NG,overcast clouds,2022-03-13 01:04:27
267,Nanortalik,60.1432,-45.2371,14.09,69,100,35.23,GL,overcast clouds,2022-03-13 01:04:28
268,Souillac,-20.5167,57.5167,78.12,87,85,10.8,MU,overcast clouds,2022-03-13 01:01:04
269,Skeldon,5.8833,-57.1333,75.09,92,41,6.15,GY,scattered clouds,2022-03-13 01:04:28
270,Arraial Do Cabo,-22.9661,-42.0278,77.74,89,100,1.57,BR,overcast clouds,2022-03-13 01:04:28
271,Henties Bay,-22.116,14.2845,64.74,93,100,3.74,NA,overcast clouds,2022-03-13 01:04:29
272,Lishu,43.3047,124.3278,31.98,72,42,7.16,CN,scattered clouds,2022-03-13 01:04:29
273,Snezhnogorsk,69.1933,33.2531,20.98,100,99,3.65,RU,overcast clouds,2022-03-13 01:04:29
274,Shatalovo,54.334,32.4465,21.92,96,98,4.41,RU,overcast clouds,2022-03-13 01:04:30
275,Baoding,38.8511,115.4903,53.73,61,84,6.49,CN,broken clouds,2022-03-13 01:04:30
276,Ust-Nera,64.5667,143.2,3.58,86,99,2.19,RU,overcast clouds,2022-03-13 01:04:30
277,Tessalit,20.1986,1.0114,70.47,12,0,9.01,ML,clear sky,2022-03-13 01:05:31
278,San Patricio,28.017,-97.5169,53.55,36,5,5.55,US,clear sky,2022-03-13 01:05:31
279,Sorland,67.667,12.6934,39.38,72,100,12.82,NO,overcast clouds,2022-03-13 01:05:32
280,Dongning,44.0622,131.1207,36.41,78,84,3.42,CN,broken clouds,2022-03-13 01:05:32
281,Porbandar,21.6422,69.6093,77.95,42,2,8.79,IN,clear sky,2022-03-13 01:05:32
282,Manakara,-22.1333,48.0167,72.97,90,100,1.28,MG,light rain,2022-03-13 01:05:32
283,Chernyshevskiy,63.0128,112.4714,-13.58,100,100,2.01,RU,overcast clouds,2022-03-13 01:05:33
284,Khipro,25.8285,69.3772,77.63,28,0,10.65,PK,clear sky,2022-03-13 01:05:33
285,Baykit,61.67,96.37,-19.93,98,25,2.77,RU,scattered clouds,2022-03-13 01:05:34
286,Lantawan,10.6167,123.9833,81.19,77,74,4.9,PH,broken clouds,2022-03-13 01:05:34
287,Shimoda,34.6667,138.95,60.1,64,97,11.07,JP,overcast clouds,2022-03-13 01:05:34
288,Balykshi,47.0667,51.8667,19.4,93,100,8.95,KZ,mist,2022-03-13 01:05:35
289,Perth,-31.9333,115.8333,75.67,74,100,6.91,AU,overcast clouds,2022-03-13 01:04:08
290,Kupang,-10.1667,123.5833,83.52,73,93,3.65,ID,overcast clouds,2022-03-13 01:05:35
291,Bubaque,11.2833,-15.8333,75.78,71,4,8.01,GW,clear sky,2022-03-13 01:05:35
292,Saquarema,-22.92,-42.5103,76.3,91,100,0.65,BR,overcast clouds,2022-03-13 01:04:37
293,Diapaga,12.0708,1.7889,85.17,18,97,6.24,BF,overcast clouds,2022-03-13 01:05:36
294,Lima,-12.0432,-77.0282,72.39,72,0,6.91,PE,clear sky,2022-03-13 01:05:24
295,Fukuma,33.7667,130.4667,66.29,71,100,10.71,JP,overcast clouds,2022-03-13 01:05:36
296,Svobodnyy,51.4,128.1333,17.55,83,100,5.86,RU,overcast clouds,2022-03-13 01:05:37
297,San Roque,36.2107,-5.3842,59.76,77,100,10.92,ES,overcast clouds,2022-03-13 01:05:37
298,Margate,51.3813,1.3862,48.31,79,99,7.0,GB,overcast clouds,2022-03-13 01:05:37
299,Auki,-8.7676,160.7034,82.45,77,92,3.91,SB,overcast clouds,2022-03-13 01:05:38
300,Manaus,-3.1019,-60.025,81.1,83,20,2.3,BR,light rain,2022-03-13 01:02:11
301,Moindou,-21.6924,165.677,84.65,65,64,7.02,NC,broken clouds,2022-03-13 01:05:38
302,Villamontes,-21.25,-63.5,68.34,84,100,2.53,BO,overcast clouds,2022-03-13 01:05:38
303,Gazimurskiy Zavod,51.5461,118.3266,14.13,89,89,0.92,RU,overcast clouds,2022-03-13 01:05:39
304,Oktyabrskoye,43.0645,44.7417,21.34,85,84,6.71,RU,broken clouds,2022-03-13 01:05:39
305,Bandarbeyla,9.4942,50.8122,75.45,78,92,12.41,SO,overcast clouds,2022-03-13 01:05:39
306,Inhambane,-23.865,35.3833,74.28,82,29,6.08,MZ,scattered clouds,2022-03-13 01:05:40
307,Fort Nelson,58.8053,-122.7002,4.59,78,100,4.61,CA,light snow,2022-03-13 01:05:40
308,Eyl,7.9803,49.8164,73.71,83,74,11.7,SO,broken clouds,2022-03-13 01:02:20
309,Palmer,42.1584,-72.3287,23.63,65,100,21.85,US,overcast clouds,2022-03-13 01:05:40
310,Matagami,49.7502,-77.6328,5.11,78,100,20.71,CA,overcast clouds,2022-03-13 01:05:41
311,San Jose,37.3394,-121.895,66.88,48,75,19.57,US,broken clouds,2022-03-13 01:05:41
312,Isangel,-19.55,169.2667,84.74,71,21,0.85,VU,few clouds,2022-03-13 01:05:41
313,Nadym,65.5333,72.5167,6.51,96,100,10.74,RU,overcast clouds,2022-03-13 01:05:41
314,Husavik,66.0449,-17.3389,26.22,77,99,14.58,IS,overcast clouds,2022-03-13 01:05:42
315,Sao Filipe,14.8961,-24.4956,75.43,54,1,13.4,CV,clear sky,2022-03-13 01:05:42
316,Orocue,4.7912,-71.3354,85.23,55,100,4.21,CO,overcast clouds,2022-03-13 01:05:42
317,Hemnesberget,66.2333,13.6333,17.44,88,94,6.17,NO,overcast clouds,2022-03-13 01:05:43
318,Macusani,-14.0833,-70.4333,37.45,94,100,2.66,PE,overcast clouds,2022-03-13 01:05:43
319,Ozernovskiy,51.5,156.5167,31.51,77,98,2.26,RU,overcast clouds,2022-03-13 01:05:43
320,Hammerfest,70.6634,23.6821,41.45,75,0,8.05,NO,clear sky,2022-03-13 01:05:44
321,Prince Rupert,54.3161,-130.3201,42.69,82,100,5.88,CA,overcast clouds,2022-03-13 01:05:44
322,Prachatice,49.0129,13.9975,30.18,55,0,2.98,CZ,clear sky,2022-03-13 01:05:44
323,Pitimbu,-7.4706,-34.8086,81.19,78,69,10.65,BR,broken clouds,2022-03-13 01:05:44
324,Moose Factory,51.2585,-80.6094,-12.75,98,13,3.8,CA,few clouds,2022-03-13 01:06:45
325,Kavaratti,10.5669,72.642,82.53,73,1,8.23,IN,clear sky,2022-03-13 01:06:46
326,Lasa,46.6166,10.7002,29.03,97,83,3.22,IT,broken clouds,2022-03-13 01:06:46
327,Sistranda,63.7256,8.834,42.76,61,100,10.04,NO,overcast clouds,2022-03-13 01:06:46
328,Ambulu,-8.345,113.6058,81.59,79,100,1.81,ID,overcast clouds,2022-03-13 01:06:47
329,Khasan,42.4308,130.6434,35.55,96,100,4.36,RU,overcast clouds,2022-03-13 01:06:47
330,Batagay-Alyta,67.8006,130.4114,-8.39,86,100,3.8,RU,overcast clouds,2022-03-13 01:06:47
331,Bhadrachalam,17.6667,80.8833,73.99,49,100,1.57,IN,overcast clouds,2022-03-13 01:06:48
332,Talnakh,69.4865,88.3972,-24.11,95,42,7.9,RU,scattered clouds,2022-03-13 01:06:48
333,Rawicz,51.6095,16.8585,32.95,64,0,8.21,PL,clear sky,2022-03-13 01:06:48
334,Vrangel,42.7297,133.0839,34.99,76,100,7.81,RU,overcast clouds,2022-03-13 01:06:49
335,Narsaq,60.9167,-46.05,14.22,82,100,6.29,GL,overcast clouds,2022-03-13 01:03:12
336,Hameenlinna,60.996,24.4643,21.33,96,100,2.3,FI,overcast clouds,2022-03-13 01:06:49
337,Bandar-E Lengeh,26.5579,54.8807,75.88,58,9,4.12,IR,clear sky,2022-03-13 01:06:49
338,Ancud,-41.8697,-73.8203,54.05,83,87,2.37,CL,overcast clouds,2022-03-13 01:06:50
339,Kurumkan,54.3,110.3,4.03,89,98,1.95,RU,overcast clouds,2022-03-13 01:06:50
340,Batagay,67.6333,134.6333,-7.83,98,100,2.62,RU,overcast clouds,2022-03-13 01:06:50
341,Severo-Yeniseyskiy,60.3725,93.0408,-20.74,100,100,2.62,RU,overcast clouds,2022-03-13 01:06:51
342,San Vicente,-26.6167,-54.1333,67.82,78,99,4.43,AR,overcast clouds,2022-03-13 01:06:51
343,Mandan,46.8267,-100.8896,39.18,74,75,10.36,US,broken clouds,2022-03-13 01:06:51
344,Pathein,16.7833,94.7333,77.92,63,100,6.08,MM,overcast clouds,2022-03-13 01:06:52
345,Biltine,14.5333,20.9167,74.86,14,1,13.29,TD,clear sky,2022-03-13 01:06:52
346,Merauke,-8.4667,140.3333,84.33,75,100,5.03,ID,overcast clouds,2022-03-13 01:06:52
347,Heze,35.2431,115.4411,57.65,74,0,4.05,CN,clear sky,2022-03-13 01:06:53
348,Los Aquijes,-14.0967,-75.6908,75.15,65,99,3.94,PE,overcast clouds,2022-03-13 01:06:53
349,Kayerkan,69.3497,87.7602,-24.9,97,18,6.64,RU,few clouds,2022-03-13 01:06:53
350,Usolye,59.4268,56.6808,5.59,96,100,5.82,RU,overcast clouds,2022-03-13 01:06:54
351,Palana,59.1167,159.9667,16.57,77,23,4.76,RU,few clouds,2022-03-13 01:06:54
352,Santa Rosa,14.3122,121.1114,82.11,81,100,7.34,PH,overcast clouds,2022-03-13 01:02:34
353,Siavonga,-16.5382,28.7088,72.9,77,100,4.72,ZM,overcast clouds,2022-03-13 01:06:54
354,Saint-Leu,-21.15,55.2833,76.06,79,21,6.8,RE,light rain,2022-03-13 01:06:54
355,Simplicio Mendes,-7.8539,-41.9103,73.2,80,99,3.67,BR,overcast clouds,2022-03-13 01:06:55
356,Culpeper,38.5004,-77.9664,26.89,52,100,11.5,US,overcast clouds,2022-03-13 01:06:55
357,Muzaffarabad,34.37,73.4711,58.68,56,0,7.14,PK,clear sky,2022-03-13 01:06:56
358,Honningsvag,70.9821,25.9704,37.85,90,94,7.18,NO,overcast clouds,2022-03-13 01:06:56
359,Myrtle Grove,30.421,-87.3075,45.84,39,0,11.5,US,clear sky,2022-03-13 01:06:56
360,Isa Khel,36.6702,68.8443,63.84,62,100,4.07,AF,overcast clouds,2022-03-13 01:06:57
361,Kaeo,-35.1,173.7833,75.33,73,90,9.19,NZ,overcast clouds,2022-03-13 01:06:57
362,Buraydah,26.326,43.975,60.6,35,100,12.19,SA,overcast clouds,2022-03-13 01:06:57
363,Campbell River,50.0163,-125.2446,40.44,100,100,4.61,CA,mist,2022-03-13 01:06:58
364,Barcelona,41.3888,2.159,54.54,80,0,9.22,ES,clear sky,2022-03-13 01:04:22
365,Narrabri,-30.3167,149.7833,78.53,51,0,1.99,AU,clear sky,2022-03-13 01:06:58
366,Majene,-3.5403,118.9707,80.56,81,100,2.35,ID,overcast clouds,2022-03-13 01:06:58
367,Victor Harbor,-35.5667,138.6167,79.14,31,100,5.21,AU,overcast clouds,2022-03-13 01:07:59
368,Sangar,63.9242,127.4739,-8.05,94,93,4.65,RU,overcast clouds,2022-03-13 01:07:59
369,Mahibadhoo,3.7833,72.9667,81.99,71,5,8.25,MV,clear sky,2022-03-13 01:07:59
370,Terrace Bay,48.7834,-87.1,8.42,91,100,8.7,CA,overcast clouds,2022-03-13 01:08:00
371,Tatawin,32.9297,10.4518,56.82,31,14,6.33,TN,few clouds,2022-03-13 01:08:00
372,Ketchikan,55.3422,-131.6461,45.07,70,20,0.0,US,few clouds,2022-03-13 01:08:00
373,Quatre Cocos,-20.2078,57.7625,79.09,86,70,10.22,MU,broken clouds,2022-03-13 01:08:01
374,Novyy Urengoy,66.0833,76.6333,-10.61,100,66,8.99,RU,broken clouds,2022-03-13 01:08:01
375,Marzuq,14.4,46.4667,60.55,35,16,5.7,YE,few clouds,2022-03-13 01:08:01
376,Aguimes,27.9054,-15.4461,61.43,72,20,13.8,ES,few clouds,2022-03-13 01:08:02
377,Motygino,58.1831,94.7592,-19.12,99,58,0.85,RU,broken clouds,2022-03-13 01:08:02
378,Langsa,4.4683,97.9683,78.1,83,79,2.06,ID,broken clouds,2022-03-13 01:08:02
379,Coahuayana,18.7333,-103.6833,72.45,75,0,3.44,MX,clear sky,2022-03-13 01:08:03
380,Novopetrovskoye,55.9928,36.4719,23.13,98,99,2.24,RU,overcast clouds,2022-03-13 01:08:03
381,Lisakovsk,52.5369,62.4936,-2.85,98,95,10.2,KZ,overcast clouds,2022-03-13 01:08:04
382,Afua,-0.1567,-50.3867,75.4,94,100,3.62,BR,overcast clouds,2022-03-13 01:08:04
383,Gao,16.6362,1.637,75.38,11,4,12.68,ML,clear sky,2022-03-13 01:08:05
384,Aquiraz,-3.9014,-38.3911,81.18,84,100,6.29,BR,overcast clouds,2022-03-13 01:08:05
385,Manokwari,-0.8667,134.0833,82.76,73,88,4.12,ID,overcast clouds,2022-03-13 01:08:06
386,Mehamn,71.0357,27.8492,29.3,94,82,7.76,NO,broken clouds,2022-03-13 01:08:06
387,Gulod,14.3449,121.2177,82.06,81,100,6.69,PH,overcast clouds,2022-03-13 01:08:07
388,Sungaipenuh,-2.0833,101.3833,69.44,88,81,0.54,ID,broken clouds,2022-03-13 01:08:07
389,Byron Bay,-28.65,153.6167,73.71,72,40,8.52,AU,scattered clouds,2022-03-13 01:05:03
390,Taltal,-25.4,-70.4833,67.78,75,22,5.19,CL,few clouds,2022-03-13 01:08:07
391,Whitehorse,60.7161,-135.0538,16.81,80,100,10.0,CA,overcast clouds,2022-03-13 01:08:07
392,Kavaje,41.1856,19.5569,26.76,45,3,6.55,AL,clear sky,2022-03-13 01:08:08
393,Mangla,31.8931,72.3817,66.02,42,0,2.59,PK,clear sky,2022-03-13 01:08:08
394,Manggar,-2.8833,108.2667,81.75,78,100,7.16,ID,overcast clouds,2022-03-13 01:08:09
395,Kargasok,59.0556,80.8572,-12.82,100,100,2.98,RU,overcast clouds,2022-03-13 01:08:09
396,Baijiantan,45.6333,85.1833,35.94,94,100,10.85,CN,overcast clouds,2022-03-13 01:08:10
397,Ixtapa,20.7,-105.2,72.63,68,0,11.5,MX,clear sky,2022-03-13 01:08:10
398,Karratha,-20.7377,116.8463,92.95,39,7,5.35,AU,clear sky,2022-03-13 01:08:10
399,Salalah,17.0151,54.0924,71.55,52,13,1.66,OM,few clouds,2022-03-13 01:08:11
400,Hami,42.8,93.45,46.49,53,100,7.76,CN,overcast clouds,2022-03-13 01:08:11
401,Chico,39.7285,-121.8375,69.89,22,75,27.63,US,broken clouds,2022-03-13 01:07:14
402,Conyers,33.6676,-84.0177,32.63,41,0,8.05,US,clear sky,2022-03-13 01:05:38
403,Boke,10.9409,-14.2967,69.33,87,8,2.62,GN,clear sky,2022-03-13 01:08:12
404,Guanica,17.9716,-66.908,78.98,76,100,1.01,PR,overcast clouds,2022-03-13 01:08:12
405,Santander,43.4647,-3.8044,52.3,95,75,5.75,ES,moderate rain,2022-03-13 01:07:04
406,Kattivakkam,13.2167,80.3167,78.08,86,93,2.71,IN,overcast clouds,2022-03-13 01:08:12
407,Coatepec,19.45,-96.9667,51.31,78,100,2.46,MX,overcast clouds,2022-03-13 01:06:11
408,Gambela,8.25,34.5833,80.85,52,100,5.23,ET,overcast clouds,2022-03-13 01:08:13
409,Bethlehem,-1.4558,-48.5044,78.84,83,0,8.05,BR,clear sky,2022-03-13 01:08:13
410,Itzehoe,53.921,9.5153,39.22,48,19,8.68,DE,few clouds,2022-03-13 01:08:14
411,Huron,41.1501,-82.5499,20.01,73,100,17.76,US,overcast clouds,2022-03-13 01:08:14
412,Te Anau,-45.4167,167.7167,64.15,51,0,3.04,NZ,clear sky,2022-03-13 01:08:14
413,Geraldton,-28.7667,114.6,75.61,64,68,9.22,AU,broken clouds,2022-03-13 01:08:15
414,Kochubey,44.3861,46.5825,25.14,77,34,7.87,RU,scattered clouds,2022-03-13 01:08:15
415,Povazska Bystrica,49.1215,18.4217,26.33,73,0,4.0,SK,clear sky,2022-03-13 01:08:15
